guest_id,guest_name,email,country
1,Guest_1,guest1@mail.com,UK
2,Guest_2,guest2@mail.com,USA
3,Guest_3,guest3@mail.com,Germany
4,Guest_4,guest4@mail.com,Australia
5,Guest_5,guest5@mail.com,Germany
6,Guest_6,guest6@mail.com,Australia
7,Guest_7,guest7@mail.com,India
8,Guest_8,guest8@mail.com,India
9,Guest_9,guest9@mail.com,India
10,Guest_10,guest10@mail.com,USA
11,Guest_11,guest11@mail.com,Australia
12,Guest_12,guest12@mail.com,India
13,Guest_13,guest13@mail.com,UK
14,Guest_14,guest14@mail.com,Australia
15,Guest_15,guest15@mail.com,Australia
16,Guest_16,guest16@mail.com,USA
17,Guest_17,guest17@mail.com,Germany
18,Guest_18,guest18@mail.com,USA
19,Guest_19,guest19@mail.com,India
20,Guest_20,guest20@mail.com,UK
21,Guest_21,guest21@mail.com,UK
22,Guest_22,guest22@mail.com,India
23,Guest_23,guest23@mail.com,UK
24,Guest_24,guest24@mail.com,USA
25,Guest_25,guest25@mail.com,USA
26,Guest_26,guest26@mail.com,India
27,Guest_27,guest27@mail.com,UK
28,Guest_28,guest28@mail.com,Australia
29,Guest_29,guest29@mail.com,Germany
30,Guest_30,guest30@mail.com,Australia
31,Guest_31,guest31@mail.com,USA
32,Guest_32,guest32@mail.com,USA
33,Guest_33,guest33@mail.com,USA
34,Guest_34,guest34@mail.com,USA
35,Guest_35,guest35@mail.com,Germany
36,Guest_36,guest36@mail.com,India
37,Guest_37,guest37@mail.com,USA
38,Guest_38,guest38@mail.com,UK
39,Guest_39,guest39@mail.com,Germany
40,Guest_40,guest40@mail.com,USA
41,Guest_41,guest41@mail.com,UK
42,Guest_42,guest42@mail.com,USA
43,Guest_43,guest43@mail.com,India
44,Guest_44,guest44@mail.com,Germany
45,Guest_45,guest45@mail.com,India
46,Guest_46,guest46@mail.com,Germany
47,Guest_47,guest47@mail.com,USA
48,Guest_48,guest48@mail.com,USA
49,Guest_49,guest49@mail.com,Germany
50,Guest_50,guest50@mail.com,UK
51,Guest_51,guest51@mail.com,UK
52,Guest_52,guest52@mail.com,USA
53,Guest_53,guest53@mail.com,USA
54,Guest_54,guest54@mail.com,India
55,Guest_55,guest55@mail.com,USA
56,Guest_56,guest56@mail.com,Germany
57,Guest_57,guest57@mail.com,UK
58,Guest_58,guest58@mail.com,UK
59,Guest_59,guest59@mail.com,India
60,Guest_60,guest60@mail.com,UK
61,Guest_61,guest61@mail.com,UK
62,Guest_62,guest62@mail.com,Australia
63,Guest_63,guest63@mail.com,Germany
64,Guest_64,guest64@mail.com,Australia
65,Guest_65,guest65@mail.com,UK
66,Guest_66,guest66@mail.com,India
67,Guest_67,guest67@mail.com,India
68,Guest_68,guest68@mail.com,UK
69,Guest_69,guest69@mail.com,USA
70,Guest_70,guest70@mail.com,Australia
71,Guest_71,guest71@mail.com,UK
72,Guest_72,guest72@mail.com,India
73,Guest_73,guest73@mail.com,India
74,Guest_74,guest74@mail.com,Australia
75,Guest_75,guest75@mail.com,Germany
76,Guest_76,guest76@mail.com,UK
77,Guest_77,guest77@mail.com,UK
78,Guest_78,guest78@mail.com,Germany
79,Guest_79,guest79@mail.com,Australia
80,Guest_80,guest80@mail.com,Australia
81,Guest_81,guest81@mail.com,India
82,Guest_82,guest82@mail.com,Germany
83,Guest_83,guest83@mail.com,Australia
84,Guest_84,guest84@mail.com,USA
85,Guest_85,guest85@mail.com,UK
86,Guest_86,guest86@mail.com,India
87,Guest_87,guest87@mail.com,Germany
88,Guest_88,guest88@mail.com,India
89,Guest_89,guest89@mail.com,Australia
90,Guest_90,guest90@mail.com,Australia
91,Guest_91,guest91@mail.com,USA
92,Guest_92,guest92@mail.com,UK
93,Guest_93,guest93@mail.com,Germany
94,Guest_94,guest94@mail.com,India
95,Guest_95,guest95@mail.com,UK
96,Guest_96,guest96@mail.com,Australia
97,Guest_97,guest97@mail.com,UK
98,Guest_98,guest98@mail.com,India
99,Guest_99,guest99@mail.com,UK
100,Guest_100,guest100@mail.com,Australia
