listing_id,host_id,property_type,room_type,city,country,max_guests,beds,bathrooms
1,4,Apartment,Shared room,Goa,India,2,2,1.3
2,4,Apartment,Shared room,Mumbai,India,1,1,1.2
3,8,Apartment,Shared room,Delhi,India,6,4,1.4
4,19,Hotel Room,Entire home,Delhi,India,6,4,1.7
5,5,Villa,Private room,Jaipur,India,1,4,1.2
6,12,Hotel Room,Entire home,Mumbai,India,5,1,2.9
7,13,Apartment,Shared room,Goa,India,6,3,2.2
8,3,Apartment,Shared room,Delhi,India,3,1,2.7
9,4,Guesthouse,Private room,Mumbai,India,6,3,1.3
10,12,Villa,Shared room,Goa,India,6,1,2.2
11,6,Villa,Entire home,Mumbai,India,4,3,3.0
12,18,Villa,Shared room,Goa,India,1,2,2.6
13,11,Guesthouse,Private room,Jaipur,India,2,3,1.4
14,16,Guesthouse,Shared room,Mumbai,India,2,3,1.3
15,18,Hotel Room,Shared room,Bengaluru,India,4,4,1.7
16,5,Guesthouse,Entire home,Jaipur,India,1,2,2.3
17,14,Apartment,Private room,Mumbai,India,5,4,2.1
18,18,Apartment,Shared room,Jaipur,India,6,3,2.5
19,11,Apartment,Private room,Mumbai,India,2,4,1.0
20,9,Villa,Shared room,Jaipur,India,6,3,2.7
21,17,Villa,Entire home,Goa,India,2,1,2.2
22,16,Apartment,Entire home,Goa,India,3,2,1.1
23,19,Apartment,Entire home,Mumbai,India,1,2,1.3
24,16,Villa,Private room,Bengaluru,India,5,4,2.9
25,18,Villa,Shared room,Goa,India,4,3,1.9
26,17,Guesthouse,Entire home,Delhi,India,2,1,1.7
27,19,Villa,Shared room,Delhi,India,1,1,2.4
28,2,Villa,Entire home,Jaipur,India,3,1,2.0
29,9,Guesthouse,Entire home,Bengaluru,India,2,4,1.5
30,16,Guesthouse,Entire home,Jaipur,India,1,4,1.7
31,14,Guesthouse,Shared room,Jaipur,India,6,1,1.1
32,11,Apartment,Entire home,Delhi,India,2,4,1.3
33,6,Hotel Room,Private room,Delhi,India,1,4,2.6
34,18,Apartment,Entire home,Bengaluru,India,1,1,2.9
35,8,Villa,Private room,Mumbai,India,4,2,2.7
36,2,Villa,Private room,Jaipur,India,4,3,2.9
37,15,Hotel Room,Private room,Bengaluru,India,6,4,1.3
38,10,Villa,Entire home,Bengaluru,India,6,1,2.5
39,2,Apartment,Shared room,Mumbai,India,5,2,1.1
40,17,Apartment,Entire home,Jaipur,India,5,1,2.4
41,8,Guesthouse,Entire home,Bengaluru,India,2,1,2.2
42,14,Hotel Room,Private room,Delhi,India,6,3,1.5
43,13,Villa,Shared room,Goa,India,4,3,2.9
44,3,Apartment,Private room,Bengaluru,India,5,1,1.1
45,7,Hotel Room,Entire home,Goa,India,1,2,1.7
46,6,Guesthouse,Shared room,Goa,India,5,1,2.3
47,18,Hotel Room,Shared room,Jaipur,India,2,3,1.2
48,4,Villa,Private room,Goa,India,5,2,2.4
49,7,Hotel Room,Shared room,Mumbai,India,3,1,1.2
50,14,Hotel Room,Entire home,Jaipur,India,3,2,2.3
